<?xml version="1.0" encoding="UTF-8"?> 
<project>                                  
  <executable name="fechadura.elf">                 
    <memory name="program">              
      <units>bytes</units>                 
      <length>32768</length>                 
      <used>9845</used>                     
      <free>22923</free>                     
    </memory>                              
    <memory name="data">                 
      <units>bytes</units>                 
      <length>2048</length>                 
      <used>68</used>                     
      <free>1980</free>                     
    </memory>                              
  </executable>                            
</project>                                 
